<?xml version="1.0" encoding="UTF-8" standalone="no"?>
<catalog xmlns="urn:oasis:names:tc:entity:xmlns:xml:catalog" prefer="system">
    <system systemId="http://localhost:8080/Affablebean_01/WSCat?WSDL" uri="wsdl/localhost_8080/Affablebean_01/WSCat.wsdl"/>
    <system systemId="http://localhost:8080/Affablebean_01/WSCat?xsd=1" uri="wsdl/localhost_8080/Affablebean_01/WSCat.xsd_1.xsd"/>
    <system systemId="http://localhost:8080/Affablebean_01/WSCustomer?WSDL" uri="wsdl/localhost_8080/Affablebean_01/WSCustomer.wsdl"/>
    <system systemId="http://localhost:8080/Affablebean_01/WSCustomer?xsd=1" uri="wsdl/localhost_8080/Affablebean_01/WSCustomer.xsd_1.xsd"/>
    <system systemId="http://localhost:8080/Affablebean_01/WSProd?WSDL" uri="wsdl/localhost_8080/Affablebean_01/WSProd.wsdl"/>
    <system systemId="http://localhost:8080/Affablebean_01/WSProd?xsd=1" uri="wsdl/localhost_8080/Affablebean_01/WSProd.xsd_1.xsd"/>
    <system systemId="http://localhost:8080/Affablebean_01/WSPedidoItem?WSDL" uri="wsdl/localhost_8080/Affablebean_01/WSPedidoItem.wsdl"/>
    <system systemId="http://localhost:8080/Affablebean_01/WSPedidoItem?xsd=1" uri="wsdl/localhost_8080/Affablebean_01/WSPedidoItem.xsd_1.xsd"/>
</catalog>