<?xml version="1.0" encoding="UTF-8" standalone="no"?>
<catalog xmlns="urn:oasis:names:tc:entity:xmlns:xml:catalog" prefer="system">
    <system systemId="http://localhost:8080/Affablebean_01/wsPedidoHeader?WSDL" uri="xml-resources/web-service-references/WSPedidoHeader/wsdl/localhost_8080/Affablebean_01/wsPedidoHeader.wsdl"/>
    <system systemId="http://localhost:8080/Affablebean_01/wsPedidoHeader?xsd=1" uri="xml-resources/web-service-references/WSPedidoHeader/wsdl/localhost_8080/Affablebean_01/wsPedidoHeader.xsd_1.xsd"/>
    <system systemId="http://localhost:8080/Affablebean_01/WSPedidoItem?WSDL" uri="xml-resources/web-service-references/WSPedidoItem/wsdl/localhost_8080/Affablebean_01/WSPedidoItem.wsdl"/>
    <system systemId="http://localhost:8080/Affablebean_01/WSPedidoItem?xsd=1" uri="xml-resources/web-service-references/WSPedidoItem/wsdl/localhost_8080/Affablebean_01/WSPedidoItem.xsd_1.xsd"/>
    <system systemId="http://localhost:8080/Affablebean_01/WSProd?WSDL" uri="xml-resources/web-service-references/WSProd/wsdl/localhost_8080/Affablebean_01/WSProd.wsdl"/>
    <system systemId="http://localhost:8080/Affablebean_01/WSProd?xsd=1" uri="xml-resources/web-service-references/WSProd/wsdl/localhost_8080/Affablebean_01/WSProd.xsd_1.xsd"/>
    <system systemId="http://localhost:8080/Affablebean_01/WSCustomer?WSDL" uri="xml-resources/web-service-references/WSCustomer/wsdl/localhost_8080/Affablebean_01/WSCustomer.wsdl"/>
    <system systemId="http://localhost:8080/Affablebean_01/WSCustomer?xsd=1" uri="xml-resources/web-service-references/WSCustomer/wsdl/localhost_8080/Affablebean_01/WSCustomer.xsd_1.xsd"/>
    <system systemId="http://localhost:8080/Affablebean_01/WSCat?WSDL" uri="xml-resources/web-service-references/WSCat/wsdl/localhost_8080/Affablebean_01/WSCat.wsdl"/>
    <system systemId="http://localhost:8080/Affablebean_01/WSCat?xsd=1" uri="xml-resources/web-service-references/WSCat/wsdl/localhost_8080/Affablebean_01/WSCat.xsd_1.xsd"/>
</catalog>