<?xml version="1.0" encoding="UTF-8"?>
<jax-ws xmlns="http://www.netbeans.org/ns/jax-ws/1">
  <services>
    <service name="WSCat">
      <implementation-class>wscat.WSCat</implementation-class>
    </service>
    <service name="WSProd">
      <implementation-class>wsprod.WSProd</implementation-class>
    </service>
    <service name="WSCustomer">
      <implementation-class>wscust.WSCustomer</implementation-class>
    </service>
    <service name="WSPedidoItem">
      <implementation-class>wsPedidoItem.WSPedidoItem</implementation-class>
    </service>
    <service name="wsPedidoHeader">
      <implementation-class>wspedidoheader.wsPedidoHeader</implementation-class>
    </service>
  </services>
  <clients/>
</jax-ws>
