<?xml version="1.0" encoding="UTF-8"?>
<project-private xmlns="http://www.netbeans.org/ns/project-private/1">
    <editor-bookmarks xmlns="http://www.netbeans.org/ns/editor-bookmarks/2" lastBookmarkId="0"/>
    <open-files xmlns="http://www.netbeans.org/ns/projectui-open-files/2">
        <group>
            <file>file:/C:/Users/aalex/Documents/NetBeansProjects/SCE/EJBs/Affablebean_01/src/java/entidades/Customer.java</file>
            <file>file:/C:/Users/aalex/Documents/NetBeansProjects/SCE/EJBs/Affablebean_01/src/java/wscust/WSCustomer.java</file>
            <file>file:/C:/Users/aalex/Documents/NetBeansProjects/SCE/EJBs/Affablebean_01/src/java/frontera/ProductFacade.java</file>
            <file>file:/C:/Users/aalex/Documents/NetBeansProjects/SCE/EJBs/Affablebean_01/src/java/entidades/OrderedProduct.java</file>
            <file>file:/C:/Users/aalex/Documents/NetBeansProjects/SCE/EJBs/Affablebean_01/src/java/frontera/CategoryFacade.java</file>
            <file>file:/C:/Users/aalex/Documents/NetBeansProjects/SCE/EJBs/Affablebean_01/src/java/entidades/Category.java</file>
            <file>file:/C:/Users/aalex/Documents/NetBeansProjects/SCE/EJBs/Affablebean_01/src/java/frontera/CustomerFacade.java</file>
            <file>file:/C:/Users/aalex/Documents/NetBeansProjects/SCE/EJBs/Affablebean_01/src/java/wspedidoitems/wsPedidoItems.java</file>
            <file>file:/C:/Users/aalex/Documents/NetBeansProjects/SCE/EJBs/Affablebean_01/src/java/wsPedidoHeader/wsPedidoHeader.java</file>
            <file>file:/C:/Users/aalex/Documents/NetBeansProjects/SCE/EJBs/Affablebean_01/src/java/frontera/AbstractFacade.java</file>
            <file>file:/C:/Users/aalex/Documents/NetBeansProjects/SCE/EJBs/Affablebean_01/src/java/frontera/CustomerOrderFacade.java</file>
            <file>file:/C:/Users/aalex/Documents/NetBeansProjects/SCE/EJBs/Affablebean_01/src/java/entidades/Product.java</file>
            <file>file:/C:/Users/aalex/Documents/NetBeansProjects/SCE/EJBs/Affablebean_01/src/java/entidades/CustomerOrder.java</file>
            <file>file:/C:/Users/aalex/Documents/NetBeansProjects/SCE/EJBs/Affablebean_01/src/java/wsPedidoItem/WSPedidoItem.java</file>
            <file>file:/C:/Users/aalex/Documents/NetBeansProjects/SCE/EJBs/Affablebean_01/src/java/frontera/OrderedProductFacade.java</file>
            <file>file:/C:/Users/aalex/Documents/NetBeansProjects/SCE/EJBs/Affablebean_01/src/java/wsprod/WSProd.java</file>
        </group>
    </open-files>
</project-private>
